{
  "mode": "frontend",
  "label": "ev-demo: 2 plots + 2 traces [DEBUG host + DEV react]",
  "duration_s": 59.07820000004768,
  "sample_count": 60,
  "longtask_ms_per_s": {
    "mean": 81.88333333333334,
    "max": 645.0,
    "p95": 316.8499999999999
  },
  "lag_ms": {
    "mean": 1.5316666662693024,
    "max": 397.1999999284744
  },
  "jank_seconds": 23,
  "jank_fraction": 0.38333333333333336,
  "frames_late_per_s_mean": 4.9129999999999985,
  "counters_per_s": {
    "app.setActivePanel": {
      "mean": 0.05,
      "max": 1.0
    },
    "byid.dep.refreshTrigger": {
      "mean": 8.333333333333334,
      "max": 10.0
    },
    "dockview.layoutChange": {
      "mean": 0.16666666666666666,
      "max": 2.0
    },
    "event.system-log-appended": {
      "mean": 2.933333333333333,
      "max": 6.0
    },
    "event.trace-grew": {
      "mean": 10.0,
      "max": 14.0
    },
    "invoke.fetch_latest_by_id": {
      "mean": 8.333333333333334,
      "max": 10.0
    },
    "invoke.sample_signals": {
      "mean": 71.98333333333333,
      "max": 112.0
    },
    "memo.traceData": {
      "mean": 16.666666666666668,
      "max": 20.0
    },
    "plot.areaResampled": {
      "mean": 71.78333333333333,
      "max": 121.0
    },
    "plot.reportSeries": {
      "mean": 71.71666666666667,
      "max": 121.0
    },
    "plot.userXChange": {
      "mean": 0.11666666666666667,
      "max": 4.0
    },
    "plotarea.resample": {
      "mean": 72.05,
      "max": 112.0
    },
    "render.App": {
      "mean": 32.3,
      "max": 46.0
    },
    "render.PlotArea": {
      "mean": 370.73333333333335,
      "max": 542.0
    },
    "render.PlotPanel": {
      "mean": 83.96666666666667,
      "max": 128.0
    },
    "render.TracePanel": {
      "mean": 46.9,
      "max": 62.0
    },
    "render.TraceView": {
      "mean": 33.46666666666667,
      "max": 40.0
    },
    "traceview.resizeObserver": {
      "mean": 0.1,
      "max": 5.0
    },
    "uplot.create": {
      "mean": 0.18333333333333332,
      "max": 6.0
    },
    "uplot.destroy": {
      "mean": 0.18333333333333332,
      "max": 6.0
    },
    "uplot.setSize": {
      "mean": 0.2833333333333333,
      "max": 11.0
    }
  },
  "gauges": {
    "count": {
      "mean": 32957.26666666667,
      "max": 63238.0,
      "last": 63238.0
    },
    "drop.before_session": {
      "mean": 0.0,
      "max": 0.0,
      "last": 0.0
    },
    "fps": {
      "mean": 1034.381666666667,
      "max": 1087.2,
      "last": 1054.3
    },
    "fps.batt": {
      "mean": 516.6916666666665,
      "max": 559.5,
      "last": 505.2
    },
    "fps.pt": {
      "mean": 516.6533333333333,
      "max": 528.9,
      "last": 515.4
    },
    "ms.fetch_latest_by_id": {
      "mean": 84.21,
      "max": 503.5,
      "last": 322.4
    }
  }
}