{
  "mode": "frontend",
  "label": "ev-demo: filtered chrono trace + plots",
  "duration_s": 59.01010000002384,
  "sample_count": 60,
  "longtask_ms_per_s": {
    "mean": 0.0,
    "max": 0.0,
    "p95": 0.0
  },
  "lag_ms": {
    "mean": 0.07333333492279058,
    "max": 25.700000047683716
  },
  "jank_seconds": 0,
  "jank_fraction": 0.0,
  "frames_late_per_s_mean": 0.0,
  "counters_per_s": {
    "event.system-log-appended": {
      "mean": 2.9,
      "max": 5.0
    },
    "event.trace-grew": {
      "mean": 10.0,
      "max": 10.0
    },
    "invoke.fetch_by_id_page": {
      "mean": 8.0,
      "max": 8.0
    },
    "invoke.fetch_filtered_trace": {
      "mean": 3.9833333333333334,
      "max": 4.0
    },
    "invoke.sample_signals": {
      "mean": 110.48333333333333,
      "max": 150.0
    },
    "memo.traceData": {
      "mean": 20.0,
      "max": 20.0
    },
    "plot.areaResampled": {
      "mean": 110.41666666666667,
      "max": 150.0
    },
    "plot.reportSeries": {
      "mean": 110.33333333333333,
      "max": 150.0
    },
    "plotarea.resample": {
      "mean": 110.56666666666666,
      "max": 150.0
    },
    "render.App": {
      "mean": 41.9,
      "max": 50.0
    },
    "render.ByIdTable": {
      "mean": 55.56666666666667,
      "max": 60.0
    },
    "render.PlotArea": {
      "mean": 796.3,
      "max": 1202.0
    },
    "render.PlotPanel": {
      "mean": 169.63333333333333,
      "max": 290.0
    },
    "render.TracePanel": {
      "mean": 102.46666666666667,
      "max": 108.0
    },
    "render.TraceView": {
      "mean": 74.83333333333333,
      "max": 76.0
    }
  },
  "gauges": {
    "count": {
      "mean": 28629.833333333332,
      "max": 49835.0,
      "last": 49835.0
    },
    "drop.before_session": {
      "mean": 0.0,
      "max": 0.0,
      "last": 0.0
    },
    "fps": {
      "mean": 798.615,
      "max": 1080.5,
      "last": 548.7
    },
    "fps.batt": {
      "mean": 401.9700000000001,
      "max": 528.3,
      "last": 273.9
    },
    "fps.pt": {
      "mean": 399.875,
      "max": 523.7,
      "last": 274.8
    },
    "jsheap_mb": {
      "mean": 106.29166666666661,
      "max": 185.7,
      "last": 153.3
    }
  }
}