{
  "mode": "frontend",
  "label": "points500 + mem tier",
  "duration_s": 58.99970000004768,
  "sample_count": 60,
  "longtask_ms_per_s": {
    "mean": 0.0,
    "max": 0.0,
    "p95": 0.0
  },
  "lag_ms": {
    "mean": -0.0016666670640309651,
    "max": 1.7999999523162842
  },
  "jank_seconds": 0,
  "jank_fraction": 0.0,
  "frames_late_per_s_mean": 0.0,
  "rx_fps": {
    "overall": 492.37500000000006,
    "first_half": 493.1033333333334,
    "second_half": 491.6466666666667,
    "retention": 0.997045920057324
  },
  "tx_fps": {
    "overall": 492.43500000000006,
    "first_half": 493.1333333333333,
    "second_half": 491.73666666666657,
    "retention": 0.9971677707178584
  },
  "counters_per_s": {
    "event.system-log-appended": {
      "mean": 2.95,
      "max": 5.0
    },
    "event.trace-grew": {
      "mean": 10.0,
      "max": 10.0
    },
    "memo.traceData": {
      "mean": 20.0,
      "max": 20.0
    },
    "render.App": {
      "mean": 44.93333333333333,
      "max": 50.0
    },
    "render.ByIdTable": {
      "mean": 40.0,
      "max": 40.0
    },
    "render.PlotArea": {
      "mean": 220.0,
      "max": 220.0
    },
    "render.PlotPanel": {
      "mean": 40.0,
      "max": 40.0
    },
    "render.TracePanel": {
      "mean": 80.0,
      "max": 80.0
    },
    "render.TraceView": {
      "mean": 40.0,
      "max": 40.0
    }
  },
  "gauges": {
    "count": {
      "mean": 30994.766666666666,
      "max": 60033.0,
      "last": 60033.0,
      "slope_per_min": 59085.51577645913
    },
    "drop.before_session": {
      "mean": 0.0,
      "max": 0.0,
      "last": 0.0,
      "slope_per_min": 0.0
    },
    "fps": {
      "mean": 985.4333333333336,
      "max": 1053.2,
      "last": 1019.8,
      "slope_per_min": 0.6934235116081058
    },
    "fps.batt": {
      "mean": 492.45333333333326,
      "max": 528.6,
      "last": 516.2,
      "slope_per_min": 4.39759203368448
    },
    "fps.pt": {
      "mean": 492.8183333333332,
      "max": 527.3,
      "last": 515.7,
      "slope_per_min": 3.7291524404157563
    },
    "fps.rx": {
      "mean": 492.37500000000006,
      "max": 518.9,
      "last": 516.2,
      "slope_per_min": 1.3098472911909271
    },
    "fps.tx": {
      "mean": 492.43500000000006,
      "max": 519.1,
      "last": 516.8,
      "slope_per_min": 2.0797373960683263
    },
    "jsheap_mb": {
      "mean": 89.675,
      "max": 158.7,
      "last": 156.4,
      "slope_per_min": 122.94210333877068
    },
    "mem.host_mb": {
      "mean": 51.321354166666666,
      "max": 52.79296875,
      "last": 51.25390625,
      "slope_per_min": 0.5525741769386917
    },
    "mem.tree_mb": {
      "mean": 705.8703776041667,
      "max": 769.42578125,
      "last": 769.42578125,
      "slope_per_min": 135.9917042399545
    },
    "mem.webview_mb": {
      "mean": 559.5388671875,
      "max": 623.23046875,
      "last": 623.23046875,
      "slope_per_min": 135.54933049682677
    },
    "mem.webview_renderer_mb": {
      "mean": 263.00501302083336,
      "max": 326.31640625,
      "last": 326.31640625,
      "slope_per_min": 130.67593123769007
    }
  }
}