{
  "mode": "frontend",
  "label": "flush10s experiment",
  "duration_s": 59.000199999928476,
  "sample_count": 60,
  "longtask_ms_per_s": {
    "mean": 0.0,
    "max": 0.0,
    "p95": 0.0
  },
  "lag_ms": {
    "mean": -0.005000001192092896,
    "max": 1.2000000476837158
  },
  "jank_seconds": 0,
  "jank_fraction": 0.0,
  "frames_late_per_s_mean": 0.0,
  "rx_fps": {
    "overall": 509.2,
    "first_half": 510.49,
    "second_half": 507.91,
    "retention": 0.9949460322435307
  },
  "tx_fps": {
    "overall": 509.1233333333334,
    "first_half": 510.11000000000007,
    "second_half": 508.13666666666666,
    "retention": 0.9961315533250996
  },
  "counters_per_s": {
    "event.system-log-appended": {
      "mean": 2.95,
      "max": 5.0
    },
    "event.trace-grew": {
      "mean": 10.0,
      "max": 10.0
    },
    "memo.traceData": {
      "mean": 20.0,
      "max": 20.0
    },
    "render.App": {
      "mean": 45.0,
      "max": 50.0
    },
    "render.ByIdTable": {
      "mean": 40.0,
      "max": 40.0
    },
    "render.PlotArea": {
      "mean": 220.0,
      "max": 220.0
    },
    "render.PlotPanel": {
      "mean": 40.0,
      "max": 40.0
    },
    "render.TracePanel": {
      "mean": 80.0,
      "max": 80.0
    },
    "render.TraceView": {
      "mean": 40.0,
      "max": 40.0
    }
  },
  "gauges": {
    "count": {
      "mean": 32199.616666666665,
      "max": 62177.0,
      "last": 62177.0,
      "slope_per_min": 60941.61007814122
    },
    "drop.before_session": {
      "mean": 0.0,
      "max": 0.0,
      "last": 0.0,
      "slope_per_min": 0.0
    },
    "fps": {
      "mean": 1017.5416666666664,
      "max": 1058.0,
      "last": 1052.3,
      "slope_per_min": 3.4002478946820056
    },
    "fps.batt": {
      "mean": 508.04833333333335,
      "max": 530.8,
      "last": 516.6,
      "slope_per_min": -0.3001874437285183
    },
    "fps.pt": {
      "mean": 509.335,
      "max": 530.1,
      "last": 506.3,
      "slope_per_min": -0.8140050484515905
    },
    "fps.rx": {
      "mean": 509.2,
      "max": 521.0,
      "last": 516.6,
      "slope_per_min": -1.2978558847433157
    },
    "fps.tx": {
      "mean": 509.1233333333334,
      "max": 519.4,
      "last": 516.9,
      "slope_per_min": -1.0291341057563623
    },
    "jsheap_mb": {
      "mean": 88.44666666666667,
      "max": 147.0,
      "last": 119.5,
      "slope_per_min": 104.40683134054703
    },
    "mem.host_mb": {
      "mean": 47.152278645833334,
      "max": 49.015625,
      "last": 47.5078125,
      "slope_per_min": 0.6366777344021852
    },
    "mem.tree_mb": {
      "mean": 696.0911458333334,
      "max": 753.3203125,
      "last": 753.3203125,
      "slope_per_min": 140.7491217056496
    },
    "mem.webview_mb": {
      "mean": 554.1957682291667,
      "max": 611.15625,
      "last": 611.15625,
      "slope_per_min": 140.27213735325685
    },
    "mem.webview_renderer_mb": {
      "mean": 260.596875,
      "max": 316.45703125,
      "last": 316.45703125,
      "slope_per_min": 133.9271022560064
    }
  }
}