{
  "mode": "frontend",
  "label": "ev-demo: 2 plots + 2 traces",
  "duration_s": 58.9665,
  "sample_count": 60,
  "longtask_ms_per_s": {
    "mean": 0.0,
    "max": 0.0,
    "p95": 0.0
  },
  "lag_ms": {
    "mean": -0.3883333345254263,
    "max": 37.199999928474426
  },
  "jank_seconds": 0,
  "jank_fraction": 0.0,
  "frames_late_per_s_mean": 0.0,
  "counters_per_s": {
    "byid.dep.refreshTrigger": {
      "mean": 19.966666666666665,
      "max": 22.0
    },
    "event.system-log-appended": {
      "mean": 2.933333333333333,
      "max": 5.0
    },
    "event.trace-grew": {
      "mean": 10.0,
      "max": 11.0
    },
    "invoke.fetch_latest_by_id": {
      "mean": 19.966666666666665,
      "max": 22.0
    },
    "invoke.sample_signals": {
      "mean": 110.4,
      "max": 128.0
    },
    "memo.traceData": {
      "mean": 19.966666666666665,
      "max": 22.0
    },
    "plot.areaResampled": {
      "mean": 110.45,
      "max": 128.0
    },
    "plot.reportSeries": {
      "mean": 110.45,
      "max": 128.0
    },
    "plotarea.resample": {
      "mean": 110.4,
      "max": 128.0
    },
    "render.App": {
      "mean": 43.06666666666667,
      "max": 54.0
    },
    "render.PlotArea": {
      "mean": 601.6333333333333,
      "max": 716.0
    },
    "render.PlotPanel": {
      "mean": 132.96666666666667,
      "max": 160.0
    },
    "render.TracePanel": {
      "mean": 99.9,
      "max": 106.0
    },
    "render.TraceView": {
      "mean": 39.93333333333333,
      "max": 44.0
    }
  },
  "gauges": {
    "count": {
      "mean": 33062.86666666667,
      "max": 63457.0,
      "last": 63457.0
    },
    "drop.before_session": {
      "mean": 0.0,
      "max": 0.0,
      "last": 0.0
    },
    "fps": {
      "mean": 1028.4883333333332,
      "max": 1076.8,
      "last": 1047.1
    },
    "fps.batt": {
      "mean": 514.5016666666666,
      "max": 540.4,
      "last": 515.4
    },
    "fps.pt": {
      "mean": 514.9716666666667,
      "max": 525.8,
      "last": 522.6
    },
    "jsheap_mb": {
      "mean": 93.86333333333333,
      "max": 153.1,
      "last": 151.6
    },
    "ms.fetch_latest_by_id": {
      "mean": 27.381666666666668,
      "max": 42.3,
      "last": 32.9
    }
  }
}