{
  "mode": "frontend",
  "label": "host-contention metrics",
  "duration_s": 43.99940000009536,
  "sample_count": 45,
  "longtask_ms_per_s": {
    "mean": 0.0,
    "max": 0.0,
    "p95": 0.0
  },
  "lag_ms": {
    "mean": -0.02444444232516818,
    "max": 1.5
  },
  "jank_seconds": 0,
  "jank_fraction": 0.0,
  "frames_late_per_s_mean": 0.0,
  "rx_fps": {
    "overall": 501.3022222222221,
    "first_half": 498.5772727272726,
    "second_half": 503.9086956521739,
    "retention": 1.010693273072272
  },
  "tx_fps": {
    "overall": 501.8866666666669,
    "first_half": 499.4863636363636,
    "second_half": 504.1826086956521,
    "retention": 1.0094021486895035
  },
  "counters_per_s": {
    "event.system-log-appended": {
      "mean": 2.911111111111111,
      "max": 5.0
    },
    "event.trace-grew": {
      "mean": 10.0,
      "max": 10.0
    },
    "memo.traceData": {
      "mean": 20.0,
      "max": 20.0
    },
    "render.App": {
      "mean": 44.666666666666664,
      "max": 48.0
    },
    "render.ByIdTable": {
      "mean": 40.0,
      "max": 40.0
    },
    "render.PlotArea": {
      "mean": 220.0,
      "max": 220.0
    },
    "render.PlotPanel": {
      "mean": 40.0,
      "max": 40.0
    },
    "render.TracePanel": {
      "mean": 80.0,
      "max": 80.0
    },
    "render.TraceView": {
      "mean": 40.0,
      "max": 40.0
    }
  },
  "gauges": {
    "count": {
      "mean": 24088.422222222223,
      "max": 46205.0,
      "last": 46205.0,
      "slope_per_min": 60193.28673666873
    },
    "drop.before_session": {
      "mean": 0.0,
      "max": 0.0,
      "last": 0.0,
      "slope_per_min": 0.0
    },
    "flush_ms": {
      "mean": 38.03687555555556,
      "max": 126.4942,
      "last": 0.0,
      "slope_per_min": -19.759192518570913
    },
    "fps": {
      "mean": 1006.4377777777779,
      "max": 1065.7,
      "last": 1030.2,
      "slope_per_min": 22.84721739422839
    },
    "fps.batt": {
      "mean": 503.8666666666667,
      "max": 534.5,
      "last": 515.2,
      "slope_per_min": 7.186231595668742
    },
    "fps.pt": {
      "mean": 503.4244444444446,
      "max": 532.7,
      "last": 531.9,
      "slope_per_min": 13.026917665202484
    },
    "fps.rx": {
      "mean": 501.3022222222221,
      "max": 520.3,
      "last": 515.9,
      "slope_per_min": 11.927689009656088
    },
    "fps.tx": {
      "mean": 501.8866666666669,
      "max": 519.9,
      "last": 516.2,
      "slope_per_min": 11.902323188748838
    },
    "jsheap_mb": {
      "mean": 75.99999999999997,
      "max": 116.7,
      "last": 111.1,
      "slope_per_min": 109.440719557101
    },
    "mem.host_mb": {
      "mean": 46.85868055555556,
      "max": 47.4765625,
      "last": 47.3359375,
      "slope_per_min": 1.4019069638179544
    },
    "mem.tree_mb": {
      "mean": 676.3671006944444,
      "max": 724.34375,
      "last": 724.34375,
      "slope_per_min": 167.29949271746466
    },
    "mem.webview_mb": {
      "mean": 534.6712673611111,
      "max": 582.21484375,
      "last": 582.21484375,
      "slope_per_min": 166.04756635845231
    },
    "mem.webview_renderer_mb": {
      "mean": 244.0637152777778,
      "max": 288.2578125,
      "last": 288.2578125,
      "slope_per_min": 152.95532937915044
    },
    "tx_late_ms": {
      "mean": 26.714824444444453,
      "max": 119.0487,
      "last": 1.8018,
      "slope_per_min": -7.9921962989597555
    }
  }
}