{
  "mode": "frontend",
  "label": "5.2 confirm run",
  "duration_s": 58.95379999995232,
  "sample_count": 60,
  "longtask_ms_per_s": {
    "mean": 2.2,
    "max": 76.0,
    "p95": 0.0
  },
  "lag_ms": {
    "mean": 0.18999999960263583,
    "max": 57.60000002384186
  },
  "jank_seconds": 2,
  "jank_fraction": 0.03333333333333333,
  "frames_late_per_s_mean": 0.132,
  "rx_fps": {
    "overall": 515.9700000000001,
    "first_half": 515.88,
    "second_half": 516.06,
    "retention": 1.0003489183531054
  },
  "tx_fps": {
    "overall": 516.4100000000002,
    "first_half": 516.4400000000002,
    "second_half": 516.3799999999999,
    "retention": 0.9998838199984503
  },
  "counters_per_s": {
    "event.system-log-appended": {
      "mean": 2.95,
      "max": 5.0
    },
    "event.trace-grew": {
      "mean": 10.0,
      "max": 11.0
    },
    "invoke.fetch_by_id_page": {
      "mean": 8.0,
      "max": 8.0
    },
    "invoke.fetch_filtered_trace": {
      "mean": 4.0,
      "max": 4.0
    },
    "invoke.sample_signals": {
      "mean": 109.55,
      "max": 117.0
    },
    "memo.traceData": {
      "mean": 20.0,
      "max": 22.0
    },
    "plot.areaResampled": {
      "mean": 109.55,
      "max": 122.0
    },
    "plot.reportSeries": {
      "mean": 109.55,
      "max": 122.0
    },
    "plotarea.resample": {
      "mean": 109.55,
      "max": 117.0
    },
    "render.App": {
      "mean": 42.1,
      "max": 48.0
    },
    "render.ByIdTable": {
      "mean": 54.93333333333333,
      "max": 60.0
    },
    "render.PlotArea": {
      "mean": 598.3666666666667,
      "max": 710.0
    },
    "render.PlotPanel": {
      "mean": 108.0,
      "max": 128.0
    },
    "render.TracePanel": {
      "mean": 102.4,
      "max": 112.0
    },
    "render.TraceView": {
      "mean": 75.46666666666667,
      "max": 84.0
    }
  },
  "gauges": {
    "count": {
      "mean": 32652.7,
      "max": 63036.0,
      "last": 63036.0
    },
    "drop.before_session": {
      "mean": 0.0,
      "max": 0.0,
      "last": 0.0
    },
    "fps": {
      "mean": 1037.2600000000002,
      "max": 1064.8,
      "last": 1057.4
    },
    "fps.batt": {
      "mean": 516.0816666666665,
      "max": 533.2,
      "last": 516.7
    },
    "fps.pt": {
      "mean": 516.1983333333334,
      "max": 531.3,
      "last": 516.8
    },
    "fps.rx": {
      "mean": 515.9700000000001,
      "max": 518.5,
      "last": 516.5
    },
    "fps.tx": {
      "mean": 516.4100000000002,
      "max": 518.1,
      "last": 516.3
    },
    "jsheap_mb": {
      "mean": 113.07166666666666,
      "max": 211.8,
      "last": 136.4
    }
  }
}