{
  "mode": "frontend",
  "label": "1200s soak",
  "duration_s": 1198.9975,
  "sample_count": 1200,
  "longtask_ms_per_s": {
    "mean": 0.0,
    "max": 0.0,
    "p95": 0.0
  },
  "lag_ms": {
    "mean": 0.0050833333532015485,
    "max": 14.0
  },
  "jank_seconds": 0,
  "jank_fraction": 0.0,
  "frames_late_per_s_mean": 0.0,
  "rx_fps": {
    "overall": 515.2563333333327,
    "first_half": 515.2565,
    "second_half": 515.2561666666668,
    "retention": 0.9999993530730167
  },
  "tx_fps": {
    "overall": 514.9992499999995,
    "first_half": 515.0028333333332,
    "second_half": 514.9956666666676,
    "retention": 0.9999860842189562
  },
  "counters_per_s": {
    "event.system-log-appended": {
      "mean": 2.9475,
      "max": 5.0
    },
    "event.trace-grew": {
      "mean": 10.000833333333333,
      "max": 11.0
    },
    "memo.traceData": {
      "mean": 20.001666666666665,
      "max": 22.0
    },
    "render.App": {
      "mean": 44.74,
      "max": 54.0
    },
    "render.ByIdTable": {
      "mean": 40.00333333333333,
      "max": 44.0
    },
    "render.PlotArea": {
      "mean": 220.01833333333335,
      "max": 242.0
    },
    "render.PlotPanel": {
      "mean": 40.00333333333333,
      "max": 44.0
    },
    "render.TracePanel": {
      "mean": 80.00666666666666,
      "max": 88.0
    },
    "render.TraceView": {
      "mean": 40.00333333333333,
      "max": 44.0
    }
  },
  "gauges": {
    "count": {
      "mean": 618146.4841666666,
      "max": 1234165.0,
      "last": 1234165.0,
      "slope_per_min": 61661.99167565963
    },
    "drop.before_session": {
      "mean": 0.0,
      "max": 0.0,
      "last": 0.0,
      "slope_per_min": 0.0
    },
    "flush_ms": {
      "mean": 9.777409500000001,
      "max": 63.494400000000006,
      "last": 0.0,
      "slope_per_min": 0.01688651587701321
    },
    "fps": {
      "mean": 1030.2184166666664,
      "max": 1058.5,
      "last": 1021.6,
      "slope_per_min": -0.004514666584490486
    },
    "fps.batt": {
      "mean": 515.3659166666662,
      "max": 531.6,
      "last": 517.2,
      "slope_per_min": -0.027142217140808743
    },
    "fps.pt": {
      "mean": 514.836,
      "max": 527.1,
      "last": 519.8,
      "slope_per_min": 0.02782039720025357
    },
    "fps.rx": {
      "mean": 515.2563333333327,
      "max": 522.1,
      "last": 515.7,
      "slope_per_min": 0.007140216096446717
    },
    "fps.tx": {
      "mean": 514.9992499999995,
      "max": 521.3,
      "last": 519.5,
      "slope_per_min": 0.009472522227030204
    },
    "jsheap_mb": {
      "mean": 532.1505000000004,
      "max": 796.0,
      "last": 648.1,
      "slope_per_min": 18.819937625910757
    },
    "mem.host_mb": {
      "mean": 75.56417317708333,
      "max": 104.09765625,
      "last": 104.09765625,
      "slope_per_min": 2.836676075962999
    },
    "mem.tree_mb": {
      "mean": 1366.0202571614584,
      "max": 1639.26171875,
      "last": 1625.0625,
      "slope_per_min": 42.820619276321786
    },
    "mem.webview_mb": {
      "mean": 1195.51681640625,
      "max": 1459.51171875,
      "last": 1425.94140625,
      "slope_per_min": 39.961987772250495
    },
    "mem.webview_renderer_mb": {
      "mean": 902.218525390625,
      "max": 1165.04296875,
      "last": 1133.40234375,
      "slope_per_min": 39.95186347296481
    },
    "tx_late_ms": {
      "mean": 5.246479416666666,
      "max": 78.0783,
      "last": 7.9159999999999995,
      "slope_per_min": -0.0024022833825996484
    }
  }
}