{
  "mode": "frontend",
  "label": "ev-demo: filtered chrono trace + plots",
  "duration_s": 59.01610000002384,
  "sample_count": 60,
  "longtask_ms_per_s": {
    "mean": 0.0,
    "max": 0.0,
    "p95": 0.0
  },
  "lag_ms": {
    "mean": 0.4,
    "max": 32.700000047683716
  },
  "jank_seconds": 0,
  "jank_fraction": 0.0,
  "frames_late_per_s_mean": 0.0,
  "counters_per_s": {
    "byid.dep.refreshTrigger": {
      "mean": 20.0,
      "max": 22.0
    },
    "event.system-log-appended": {
      "mean": 2.933333333333333,
      "max": 5.0
    },
    "event.trace-grew": {
      "mean": 10.0,
      "max": 10.0
    },
    "invoke.fetch_filtered_trace": {
      "mean": 4.0,
      "max": 4.0
    },
    "invoke.fetch_latest_by_id": {
      "mean": 20.0,
      "max": 22.0
    },
    "invoke.sample_signals": {
      "mean": 115.53333333333333,
      "max": 147.0
    },
    "memo.traceData": {
      "mean": 20.0,
      "max": 22.0
    },
    "plot.areaResampled": {
      "mean": 115.53333333333333,
      "max": 145.0
    },
    "plot.reportSeries": {
      "mean": 115.53333333333333,
      "max": 145.0
    },
    "plotarea.resample": {
      "mean": 115.53333333333333,
      "max": 147.0
    },
    "render.App": {
      "mean": 42.766666666666666,
      "max": 48.0
    },
    "render.PlotArea": {
      "mean": 779.5666666666667,
      "max": 1074.0
    },
    "render.PlotPanel": {
      "mean": 168.83333333333334,
      "max": 252.0
    },
    "render.TracePanel": {
      "mean": 126.26666666666667,
      "max": 132.0
    },
    "render.TraceView": {
      "mean": 75.56666666666666,
      "max": 80.0
    }
  },
  "gauges": {
    "count": {
      "mean": 31770.166666666668,
      "max": 59768.0,
      "last": 59768.0
    },
    "drop.before_session": {
      "mean": 0.0,
      "max": 0.0,
      "last": 0.0
    },
    "fps": {
      "mean": 976.0283333333333,
      "max": 1054.7,
      "last": 877.7
    },
    "fps.batt": {
      "mean": 488.4483333333334,
      "max": 527.0,
      "last": 437.6
    },
    "fps.pt": {
      "mean": 487.34666666666664,
      "max": 525.2,
      "last": 434.1
    },
    "jsheap_mb": {
      "mean": 103.4916666666667,
      "max": 177.9,
      "last": 177.9
    },
    "ms.fetch_latest_by_id": {
      "mean": 27.731666666666662,
      "max": 88.1,
      "last": 66.8
    }
  }
}