{
  "mode": "frontend",
  "label": "5.2 fetch_filtered_trace on filter index",
  "duration_s": 58.99640000009537,
  "sample_count": 60,
  "longtask_ms_per_s": {
    "mean": 8.1,
    "max": 58.0,
    "p95": 55.0
  },
  "lag_ms": {
    "mean": -0.07833333214124032,
    "max": 48.20000004768371
  },
  "jank_seconds": 9,
  "jank_fraction": 0.15,
  "frames_late_per_s_mean": 0.4859999999999999,
  "rx_fps": {
    "overall": 516.5000000000001,
    "first_half": 516.2933333333334,
    "second_half": 516.7066666666667,
    "retention": 1.0008005784825162
  },
  "tx_fps": {
    "overall": 516.32,
    "first_half": 516.39,
    "second_half": 516.25,
    "retention": 0.9997288870814695
  },
  "counters_per_s": {
    "event.system-log-appended": {
      "mean": 2.95,
      "max": 5.0
    },
    "event.trace-grew": {
      "mean": 10.0,
      "max": 10.0
    },
    "invoke.fetch_by_id_page": {
      "mean": 8.0,
      "max": 8.0
    },
    "invoke.fetch_filtered_trace": {
      "mean": 4.0,
      "max": 4.0
    },
    "invoke.sample_signals": {
      "mean": 105.56666666666666,
      "max": 115.0
    },
    "memo.traceData": {
      "mean": 20.0,
      "max": 20.0
    },
    "plot.areaResampled": {
      "mean": 105.56666666666666,
      "max": 119.0
    },
    "plot.reportSeries": {
      "mean": 105.56666666666666,
      "max": 119.0
    },
    "plotarea.resample": {
      "mean": 105.56666666666666,
      "max": 115.0
    },
    "render.App": {
      "mean": 41.43333333333333,
      "max": 46.0
    },
    "render.ByIdTable": {
      "mean": 53.833333333333336,
      "max": 60.0
    },
    "render.PlotArea": {
      "mean": 527.3,
      "max": 610.0
    },
    "render.PlotPanel": {
      "mean": 95.13333333333334,
      "max": 110.0
    },
    "render.TracePanel": {
      "mean": 100.56666666666666,
      "max": 108.0
    },
    "render.TraceView": {
      "mean": 74.73333333333333,
      "max": 76.0
    }
  },
  "gauges": {
    "count": {
      "mean": 33413.433333333334,
      "max": 63799.0,
      "last": 63799.0
    },
    "drop.before_session": {
      "mean": 0.0,
      "max": 0.0,
      "last": 0.0
    },
    "fps": {
      "mean": 1032.918333333333,
      "max": 1059.9,
      "last": 1030.5
    },
    "fps.batt": {
      "mean": 517.5266666666664,
      "max": 531.7,
      "last": 516.6
    },
    "fps.pt": {
      "mean": 517.4483333333333,
      "max": 526.8,
      "last": 525.5
    },
    "fps.rx": {
      "mean": 516.5000000000001,
      "max": 519.4,
      "last": 515.3
    },
    "fps.tx": {
      "mean": 516.32,
      "max": 519.8,
      "last": 515.2
    },
    "jsheap_mb": {
      "mean": 114.29500000000002,
      "max": 215.0,
      "last": 215.0
    }
  }
}