{
  "baseline_version": 2,
  "tracebuffer": {
    "config": {
      "store": "mem",
      "target_frames": 200000,
      "ingest_hz": 25000.0,
      "scan": true,
      "scan_hz": 8.0,
      "predicate": {
        "bus": "pt"
      }
    },
    "metrics": {
      "ingest_fps_overall": 25000.106500573274,
      "fps_retention": 0.9999913667327824,
      "append_ms_max": 3.4132,
      "scan_ms_max": 0.6454
    }
  },
  "grpc": {
    "config": {
      "target_frames": 50000,
      "tx_hz": 5000.0,
      "scan": true,
      "scan_hz": 8.0,
      "predicate": {
        "bus": "pt"
      }
    },
    "metrics": {
      "ingest_fps_overall": 3083.524608990116,
      "fps_retention": 1.0124131905165257,
      "append_ms_max": 0.7686000000000001,
      "scan_ms_max": 0.145
    }
  },
  "hardware_peak": {
    "config": {
      "target_frames": 20000,
      "tx_hz": 1000.0,
      "speed_bps": 500000,
      "scan": true,
      "scan_hz": 8.0,
      "predicate": {
        "bus": "pt"
      }
    },
    "metrics": {
      "ingest_fps_overall": 999.7689833810101,
      "fps_retention": 1.0000710957594945,
      "append_ms_max": 0.6605,
      "scan_ms_max": 0.1303
    }
  },
  "frontend": {
    "label": "disk-spill-events",
    "metrics": {
      "longtask_ms_per_s_mean": 0.0,
      "longtask_ms_per_s_p95": 0.0,
      "lag_ms_max": 1.4000000953674316,
      "jank_fraction": 0.0,
      "rx_fps_overall": 514.4566666666665,
      "rx_fps_retention": 0.9990026811040448,
      "tx_fps_overall": 514.9383333333334,
      "tx_fps_retention": 0.9997605177993528,
      "jsheap_mb_peak": 141.9,
      "jsheap_mb_drift_per_min": 102.03610845258488,
      "renderer_mb_peak": 310.34765625,
      "renderer_mb_drift_per_min": 116.62555661602109,
      "host_mb_peak": 50.37890625,
      "tree_mb_peak": 748.359375,
      "tree_mb_drift_per_min": 124.64684139047056,
      "flush_ms_mean": 11.270995,
      "tx_late_ms_mean": 5.226918333333336
    }
  }
}
