{
  "baseline_version": 2,
  "tracebuffer": {
    "config": {
      "store": "mem",
      "target_frames": 200000,
      "ingest_hz": 25000.0,
      "scan": true,
      "scan_hz": 8.0,
      "predicate": {
        "bus": "pt"
      }
    },
    "metrics": {
      "ingest_fps_overall": 25000.10774619938,
      "fps_retention": 0.9999959520818112,
      "append_ms_max": 3.437,
      "scan_ms_max": 0.6638
    }
  },
  "grpc": {
    "config": {
      "target_frames": 50000,
      "tx_hz": 5000.0,
      "scan": true,
      "scan_hz": 8.0,
      "predicate": {
        "bus": "pt"
      }
    },
    "metrics": {
      "ingest_fps_overall": 3199.0336154516294,
      "fps_retention": 1.0022801493101041,
      "append_ms_max": 0.7197,
      "scan_ms_max": 0.1153
    }
  },
  "hardware_peak": {
    "config": {
      "target_frames": 20000,
      "tx_hz": 1000.0,
      "speed_bps": 500000,
      "scan": true,
      "scan_hz": 8.0,
      "predicate": {
        "bus": "pt"
      }
    },
    "metrics": {
      "ingest_fps_overall": 999.8741958286807,
      "fps_retention": 1.0003251411291993,
      "append_ms_max": 0.42279999999999995,
      "scan_ms_max": 0.108
    }
  },
  "frontend": {
    "label": "signal-view",
    "metrics": {
      "longtask_ms_per_s_mean": 0.0,
      "longtask_ms_per_s_p95": 0.0,
      "lag_ms_max": 3.299999713897705,
      "jank_fraction": 0.0,
      "rx_fps_overall": 510.2666666666666,
      "rx_fps_retention": 1.0028129395218006,
      "tx_fps_overall": 509.9233333333334,
      "tx_fps_retention": 1.0015439064759029,
      "jsheap_mb_peak": 171.7,
      "jsheap_mb_drift_per_min": 120.09372326435911,
      "renderer_mb_peak": 332.9296875,
      "renderer_mb_drift_per_min": 125.09169629511888,
      "host_mb_peak": 53.515625,
      "tree_mb_peak": 778.30859375,
      "tree_mb_drift_per_min": 129.8943925597943,
      "flush_ms_mean": 9.799008333333337,
      "tx_late_ms_mean": 5.2621166666666666
    }
  }
}
