{
  "baseline_version": 2,
  "tracebuffer": {
    "config": {
      "target_frames": 200000,
      "ingest_hz": 25000,
      "scan": true,
      "scan_hz": 8,
      "predicate": {
        "bus": "pt"
      }
    },
    "metrics": {
      "ingest_fps_overall": 25000.11023745197,
      "fps_retention": 0.9999912202935212,
      "append_ms_max": 2.876,
      "scan_ms_max": 0.8462
    }
  },
  "grpc": {
    "config": {
      "target_frames": 50000,
      "tx_hz": 5000,
      "scan": true,
      "scan_hz": 8,
      "predicate": {
        "bus": "pt"
      }
    },
    "metrics": {
      "ingest_fps_overall": 2908.6500296693935,
      "fps_retention": 0.9920105680203478,
      "append_ms_max": 0.7319,
      "scan_ms_max": 0.1739
    }
  },
  "hardware_peak": {
    "config": {
      "target_frames": 20000,
      "tx_hz": 1000,
      "speed_bps": 500000,
      "scan": true,
      "scan_hz": 8,
      "predicate": {
        "bus": "pt"
      }
    },
    "metrics": {
      "ingest_fps_overall": 999.8354620771833,
      "fps_retention": 1.0009709326770182,
      "append_ms_max": 2.3575,
      "scan_ms_max": 2.6445000000000003
    }
  },
  "frontend": {
    "label": "ev-demo: filtered chrono trace + plots",
    "metrics": {
      "longtask_ms_per_s_mean": 4.866666666666666,
      "longtask_ms_per_s_p95": 50.099999999999994,
      "lag_ms_max": 32,
      "jank_fraction": 0.05,
      "rx_fps_overall": 512.6216666666667,
      "rx_fps_retention": 0.9990965578202998,
      "tx_fps_overall": 512.5366666666666,
      "tx_fps_retention": 0.9996228623447557
    }
  }
}
